,drosophila_enhancers_stark,human_enhancers_cohn,human_enhancers_ensembl,human_nontata_promoters,human_ocr_ensembl,AGO2_CLASH_Hejret2023
AIDE:gpt-4.1-2025-04-14,,,,0.9201903918529998,0.7570954451819638,
Agentomics:GPT4_1,0.7358381502890173,0.7432354634427173,0.8852760736196319,0.924728802302413,0.8158045319295033,0.7777043215110748
Agentomics:GPT4_1_no_feedback,0.7161849710982658,0.7164651698330455,0.8637068130448822,0.8969448749169803,0.7857919432364385,0.7240006390844025
Human SOTA,0.586,0.7467,0.933,0.9739,0.825,0.86
DI (max of all models),0.5,0.7238054116292458,0.7522441072005166,0.873920743856542,,
zero_shot (max of all models),0.708092485549133,0.7285549798503166,0.8645140458508234,0.9007084348018597,0.7065976195925842,
