dataset,p_value
human_ocr_ensembl,0.021642056946506998
AGO2_CLASH_Hejret2023,0.3556130769716646
human_nontata_promoters,0.1861246992517891
human_enhancers_cohn,0.010723243307791959
drosophila_enhancers_stark,0.06767808740044767
human_enhancers_ensembl,0.19965491386423656
